payment_id,account_id,payment_date,amount,payment_type,autopay_flag,created_at
PAY_0000000,ACC_001093,2025-11-19,878.20,online,False,2025-11-19
PAY_0000001,ACC_000488,2026-01-01,861.68,check,False,2026-01-01
PAY_0000002,ACC_000929,2024-04-13,942.53,wire,False,2024-04-13
PAY_0000003,ACC_000599,2024-12-29,1796.51,ach,False,2024-12-29
PAY_0000004,ACC_001171,2025-08-15,596.13,wire,False,2025-08-15
PAY_0000005,ACC_001024,2025-11-04,1533.71,wire,False,2025-11-04
PAY_0000006,ACC_000513,2024-06-21,1063.68,ach,False,2024-06-21
PAY_0000007,ACC_001033,2025-09-07,1125.79,ach,True,2025-09-07
PAY_0000008,ACC_000225,2025-09-12,547.32,ach,False,2025-09-12
PAY_0000009,ACC_000978,2024-04-09,845.71,wire,False,2024-04-09
PAY_0000010,ACC_000543,2024-10-10,221.67,wire,True,2024-10-10
PAY_0000011,ACC_000265,2025-09-03,1305.17,ach,False,2025-09-03
PAY_0000012,ACC_001106,2025-08-01,1260.42,wire,False,2025-08-01
PAY_0000013,ACC_000930,2024-02-29,837.32,wire,True,2024-02-29
PAY_0000014,ACC_000170,2024-05-29,473.80,online,True,2024-05-29
PAY_0000015,ACC_000655,2025-10-10,517.53,check,False,2025-10-10
PAY_0000016,ACC_000076,2025-02-14,1993.52,ach,False,2025-02-14
PAY_0000017,ACC_000326,2025-08-06,1110.86,check,False,2025-08-06
PAY_0000018,ACC_000348,2024-08-10,427.14,online,True,2024-08-10
PAY_0000019,ACC_000499,2025-10-19,867.10,ach,False,2025-10-19
PAY_0000020,ACC_001168,2025-09-05,1352.90,online,False,2025-09-05
PAY_0000021,ACC_000146,2025-06-24,595.17,check,False,2025-06-24
PAY_0000022,ACC_000761,2025-08-30,1294.05,wire,False,2025-08-30
PAY_0000023,ACC_001010,2025-10-29,1370.15,ach,False,2025-10-29
PAY_0000024,ACC_000512,2026-01-01,1036.24,online,False,2026-01-01
PAY_0000025,ACC_000541,2024-10-25,1651.02,wire,False,2024-10-25
PAY_0000026,ACC_000444,2024-07-22,693.89,ach,False,2024-07-22
PAY_0000027,ACC_000625,2025-10-12,857.81,online,True,2025-10-12
PAY_0000028,ACC_000584,2024-01-08,341.69,check,False,2024-01-08
PAY_0000029,ACC_000306,2025-04-25,281.33,online,False,2025-04-25
PAY_0000030,ACC_000122,2024-11-18,1708.70,check,False,2024-11-18
PAY_0000031,ACC_001120,2025-06-12,1855.72,online,True,2025-06-12
PAY_0000032,ACC_001147,2025-06-05,815.23,check,True,2025-06-05
PAY_0000033,ACC_000649,2024-01-09,1809.64,online,True,2024-01-09
PAY_0000034,ACC_000230,2024-05-19,108.12,check,True,2024-05-19
PAY_0000035,ACC_001151,2026-02-25,807.35,online,True,2026-02-25
PAY_0000036,ACC_000709,2024-04-10,513.54,online,False,2024-04-10
PAY_0000037,ACC_000475,2025-04-25,843.61,online,False,2025-04-25
PAY_0000038,ACC_001010,2025-03-24,1348.67,wire,False,2025-03-24
PAY_0000039,ACC_000785,2024-05-04,471.84,ach,False,2024-05-04
PAY_0000040,ACC_001151,2024-11-02,1767.10,wire,True,2024-11-02
PAY_0000041,ACC_000096,2025-09-03,1557.79,check,True,2025-09-03
PAY_0000042,ACC_001014,2025-08-29,483.81,online,False,2025-08-29
PAY_0000043,ACC_000280,2024-07-07,1273.22,wire,False,2024-07-07
PAY_0000044,ACC_000626,2024-04-17,1798.75,online,True,2024-04-17
PAY_0000045,ACC_000434,2024-12-16,1392.57,ach,True,2024-12-16
PAY_0000046,ACC_000194,2024-09-12,843.92,wire,False,2024-09-12
PAY_0000047,ACC_000815,2024-07-22,125.81,online,False,2024-07-22
PAY_0000048,ACC_001136,2025-02-09,1924.77,wire,False,2025-02-09
PAY_0000049,ACC_000919,2025-07-25,1915.96,online,False,2025-07-25
PAY_0000050,ACC_000691,2025-04-22,1261.49,ach,False,2025-04-22
PAY_0000051,ACC_000754,2024-02-07,497.52,check,False,2024-02-07
PAY_0000052,ACC_000634,2025-02-18,1146.91,ach,False,2025-02-18
PAY_0000053,ACC_000637,2024-08-27,1359.84,online,False,2024-08-27
PAY_0000054,ACC_000367,2025-06-15,1130.34,ach,False,2025-06-15
PAY_0000055,ACC_001084,2026-01-24,1453.71,wire,True,2026-01-24
PAY_0000056,ACC_000108,2025-06-07,880.46,online,False,2025-06-07
PAY_0000057,ACC_000839,2024-01-16,704.77,check,True,2024-01-16
PAY_0000058,ACC_000150,2024-11-03,1123.06,online,True,2024-11-03
PAY_0000059,ACC_000474,2025-08-19,1909.07,check,False,2025-08-19
PAY_0000060,ACC_000246,2025-07-29,1355.77,check,False,2025-07-29
PAY_0000061,ACC_000655,2024-01-29,402.04,check,False,2024-01-29
PAY_0000062,ACC_000772,2024-03-30,1116.29,online,True,2024-03-30
PAY_0000063,ACC_000760,2024-05-24,1319.84,ach,True,2024-05-24
PAY_0000064,ACC_000330,2025-05-19,1889.15,online,True,2025-05-19
PAY_0000065,ACC_000272,2024-02-12,1656.78,check,True,2024-02-12
PAY_0000066,ACC_000692,2024-08-08,863.83,online,False,2024-08-08
PAY_0000067,ACC_001104,2025-05-24,969.51,check,False,2025-05-24
PAY_0000068,ACC_001176,2025-03-14,1742.97,check,False,2025-03-14
PAY_0000069,ACC_000967,2024-06-29,126.38,wire,False,2024-06-29
PAY_0000070,ACC_000368,2024-05-15,1848.14,online,False,2024-05-15
PAY_0000071,ACC_001160,2024-02-26,812.68,online,False,2024-02-26
PAY_0000072,ACC_000920,2025-02-25,1223.84,check,False,2025-02-25
PAY_0000073,ACC_000537,2025-09-08,1403.87,ach,False,2025-09-08
PAY_0000074,ACC_000893,2024-03-29,1012.48,online,True,2024-03-29
PAY_0000075,ACC_000545,2026-02-15,204.61,online,False,2026-02-15
PAY_0000076,ACC_000105,2024-03-21,1232.91,check,True,2024-03-21
PAY_0000077,ACC_001145,2024-06-25,1990.69,ach,False,2024-06-25
PAY_0000078,ACC_001161,2024-11-10,641.55,check,False,2024-11-10
PAY_0000079,ACC_000161,2024-07-03,1961.81,check,False,2024-07-03
PAY_0000080,ACC_000971,2025-09-09,1433.18,check,False,2025-09-09
PAY_0000081,ACC_000433,2025-12-03,197.81,ach,False,2025-12-03
PAY_0000082,ACC_000560,2024-03-19,1078.11,check,False,2024-03-19
PAY_0000083,ACC_000452,2025-04-16,143.02,ach,False,2025-04-16
PAY_0000084,ACC_000271,2024-05-08,1307.66,check,False,2024-05-08
PAY_0000085,ACC_001121,2026-02-14,1312.18,check,False,2026-02-14
PAY_0000086,ACC_000684,2024-02-21,1856.47,check,True,2024-02-21
PAY_0000087,ACC_000443,2026-01-30,1276.89,check,True,2026-01-30
PAY_0000088,ACC_000288,2025-08-05,686.04,online,False,2025-08-05
PAY_0000089,ACC_000332,2024-02-13,214.37,online,True,2024-02-13
PAY_0000090,ACC_000755,2024-01-25,460.16,ach,True,2024-01-25
PAY_0000091,ACC_000309,2025-12-30,1680.02,ach,False,2025-12-30
PAY_0000092,ACC_001110,2025-06-18,1015.83,wire,False,2025-06-18
PAY_0000093,ACC_000318,2025-10-12,157.31,wire,False,2025-10-12
PAY_0000094,ACC_000036,2025-10-19,174.55,check,False,2025-10-19
PAY_0000095,ACC_000650,2025-08-15,338.86,check,True,2025-08-15
PAY_0000096,ACC_001046,2025-10-06,315.28,online,True,2025-10-06
PAY_0000097,ACC_000228,2024-03-29,283.62,ach,False,2024-03-29
PAY_0000098,ACC_000588,2025-08-05,788.34,ach,False,2025-08-05
PAY_0000099,ACC_000909,2024-03-19,1272.51,check,True,2024-03-19
PAY_0000100,ACC_000336,2024-03-02,1194.05,check,False,2024-03-02
PAY_0000101,ACC_000879,2024-12-04,1692.29,check,False,2024-12-04
PAY_0000102,ACC_000376,2025-11-21,1535.82,online,True,2025-11-21
PAY_0000103,ACC_000093,2025-01-27,828.19,check,False,2025-01-27
PAY_0000104,ACC_000329,2024-06-05,234.22,online,False,2024-06-05
PAY_0000105,ACC_000001,2024-03-27,1164.88,online,False,2024-03-27
PAY_0000106,ACC_001170,2025-08-31,892.36,check,False,2025-08-31
PAY_0000107,ACC_000676,2025-11-03,1721.47,ach,False,2025-11-03
PAY_0000108,ACC_000794,2024-06-26,359.99,online,False,2024-06-26
PAY_0000109,ACC_000445,2025-05-14,545.07,check,True,2025-05-14
PAY_0000110,ACC_001019,2025-11-29,1393.40,check,True,2025-11-29
PAY_0000111,ACC_000616,2025-10-03,622.93,ach,False,2025-10-03
PAY_0000112,ACC_000056,2025-01-10,1759.51,wire,False,2025-01-10
PAY_0000113,ACC_001104,2025-02-28,1140.19,ach,False,2025-02-28
PAY_0000114,ACC_000078,2024-05-23,1705.38,online,True,2024-05-23
PAY_0000115,ACC_000924,2025-11-26,1198.72,wire,True,2025-11-26
PAY_0000116,ACC_000317,2024-08-15,171.09,ach,True,2024-08-15
PAY_0000117,ACC_000752,2024-07-29,519.34,wire,True,2024-07-29
PAY_0000118,ACC_000187,2025-09-08,1777.82,wire,False,2025-09-08
PAY_0000119,ACC_000315,2025-01-15,1879.58,wire,True,2025-01-15
PAY_0000120,ACC_000800,2025-12-02,306.77,wire,True,2025-12-02
PAY_0000121,ACC_000278,2024-05-20,347.49,wire,False,2024-05-20
PAY_0000122,ACC_000039,2024-03-10,1455.72,online,False,2024-03-10
PAY_0000123,ACC_000208,2024-10-03,1283.50,wire,False,2024-10-03
PAY_0000124,ACC_001022,2026-02-24,629.35,wire,False,2026-02-24
PAY_0000125,ACC_000724,2024-06-16,612.88,wire,False,2024-06-16
PAY_0000126,ACC_001194,2025-02-05,1827.23,online,True,2025-02-05
PAY_0000127,ACC_000761,2025-11-25,579.04,online,True,2025-11-25
PAY_0000128,ACC_000472,2025-03-03,470.99,online,False,2025-03-03
PAY_0000129,ACC_000353,2024-10-20,1817.07,check,False,2024-10-20
PAY_0000130,ACC_001052,2024-12-24,1941.54,ach,False,2024-12-24
PAY_0000131,ACC_000845,2024-02-12,1325.45,wire,False,2024-02-12
PAY_0000132,ACC_000260,2024-05-07,371.45,online,False,2024-05-07
PAY_0000133,ACC_000730,2025-05-24,1866.22,online,True,2025-05-24
PAY_0000134,ACC_001019,2024-10-17,1743.62,wire,False,2024-10-17
PAY_0000135,ACC_000679,2025-03-27,1037.22,ach,True,2025-03-27
PAY_0000136,ACC_000202,2026-01-21,1141.26,wire,False,2026-01-21
PAY_0000137,ACC_000276,2024-06-18,252.16,online,True,2024-06-18
PAY_0000138,ACC_001050,2025-06-13,1683.70,check,False,2025-06-13
PAY_0000139,ACC_000897,2024-01-29,149.05,online,False,2024-01-29
PAY_0000140,ACC_000357,2024-05-07,176.42,online,False,2024-05-07
PAY_0000141,ACC_000877,2025-09-10,1302.02,online,False,2025-09-10
PAY_0000142,ACC_000657,2025-01-25,1336.05,wire,False,2025-01-25
PAY_0000143,ACC_001116,2025-01-25,1973.25,check,False,2025-01-25
PAY_0000144,ACC_000608,2025-05-02,547.02,ach,False,2025-05-02
PAY_0000145,ACC_000567,2024-05-12,743.99,ach,False,2024-05-12
PAY_0000146,ACC_000700,2024-04-02,106.01,online,True,2024-04-02
PAY_0000147,ACC_001014,2024-08-30,795.88,wire,False,2024-08-30
PAY_0000148,ACC_001080,2025-05-22,1957.31,online,True,2025-05-22
PAY_0000149,ACC_000574,2024-08-31,681.15,check,True,2024-08-31
PAY_0000150,ACC_000781,2024-12-07,1520.00,online,False,2024-12-07
PAY_0000151,ACC_001029,2025-05-27,1102.88,online,False,2025-05-27
PAY_0000152,ACC_000896,2024-06-13,76.58,check,True,2024-06-13
PAY_0000153,ACC_001066,2024-09-06,1542.90,ach,False,2024-09-06
PAY_0000154,ACC_000486,2025-10-17,162.66,check,False,2025-10-17
PAY_0000155,ACC_001182,2024-05-27,332.33,wire,False,2024-05-27
PAY_0000156,ACC_000975,2024-10-22,1426.66,ach,False,2024-10-22
PAY_0000157,ACC_000875,2025-06-17,1945.87,ach,False,2025-06-17
PAY_0000158,ACC_001091,2024-11-05,1841.17,ach,True,2024-11-05
PAY_0000159,ACC_001103,2024-04-02,1152.95,ach,True,2024-04-02
PAY_0000160,ACC_000112,2025-03-15,1268.72,wire,True,2025-03-15
PAY_0000161,ACC_000332,2026-01-09,1563.89,check,False,2026-01-09
PAY_0000162,ACC_000459,2026-02-07,300.70,online,False,2026-02-07
PAY_0000163,ACC_000900,2024-01-07,1035.11,check,False,2024-01-07
PAY_0000164,ACC_000672,2025-01-07,680.94,online,True,2025-01-07
PAY_0000165,ACC_001090,2025-12-17,171.55,online,True,2025-12-17
PAY_0000166,ACC_000544,2025-06-06,1819.93,online,False,2025-06-06
PAY_0000167,ACC_000200,2024-01-30,1651.50,online,False,2024-01-30
PAY_0000168,ACC_000113,2025-08-25,702.19,check,True,2025-08-25
PAY_0000169,ACC_000125,2024-09-09,230.59,online,False,2024-09-09
PAY_0000170,ACC_000031,2025-12-22,758.57,ach,False,2025-12-22
PAY_0000171,ACC_000647,2024-11-23,1783.58,online,False,2024-11-23
PAY_0000172,ACC_000762,2026-01-24,282.98,ach,False,2026-01-24
PAY_0000173,ACC_001089,2025-08-12,711.49,wire,False,2025-08-12
PAY_0000174,ACC_000413,2024-04-13,192.75,wire,False,2024-04-13
PAY_0000175,ACC_001037,2024-11-03,128.26,online,False,2024-11-03
PAY_0000176,ACC_001005,2025-11-08,156.45,ach,False,2025-11-08
PAY_0000177,ACC_001077,2025-12-29,1875.92,check,True,2025-12-29
PAY_0000178,ACC_000168,2025-03-29,1509.71,ach,False,2025-03-29
PAY_0000179,ACC_000970,2026-01-29,1137.19,check,True,2026-01-29
PAY_0000180,ACC_000993,2025-05-08,385.58,ach,True,2025-05-08
PAY_0000181,ACC_000251,2025-12-18,935.70,online,False,2025-12-18
PAY_0000182,ACC_000900,2024-08-12,1541.78,ach,False,2024-08-12
PAY_0000183,ACC_001173,2024-02-06,105.66,wire,False,2024-02-06
PAY_0000184,ACC_001109,2024-03-02,281.17,check,False,2024-03-02
PAY_0000185,ACC_000809,2024-10-28,1318.46,online,False,2024-10-28
PAY_0000186,ACC_000471,2025-06-08,884.07,online,True,2025-06-08
PAY_0000187,ACC_000576,2024-07-07,977.90,ach,False,2024-07-07
PAY_0000188,ACC_000990,2025-12-12,1184.26,check,False,2025-12-12
PAY_0000189,ACC_000595,2024-01-08,51.45,online,True,2024-01-08
PAY_0000190,ACC_000329,2026-02-08,1259.45,online,False,2026-02-08
PAY_0000191,ACC_000207,2025-08-01,1810.18,wire,False,2025-08-01
PAY_0000192,ACC_000189,2025-04-06,191.49,check,False,2025-04-06
PAY_0000193,ACC_001005,2025-04-24,581.65,ach,False,2025-04-24
PAY_0000194,ACC_000814,2026-01-17,680.16,wire,False,2026-01-17
PAY_0000195,ACC_000432,2024-07-25,1541.49,ach,False,2024-07-25
PAY_0000196,ACC_000277,2024-11-11,1147.86,ach,False,2024-11-11
PAY_0000197,ACC_000896,2026-01-01,1938.99,ach,False,2026-01-01
PAY_0000198,ACC_000406,2024-05-14,1275.71,wire,False,2024-05-14
PAY_0000199,ACC_000469,2024-09-14,279.91,wire,True,2024-09-14
PAY_0000200,ACC_000741,2025-06-05,1664.71,wire,False,2025-06-05
PAY_0000201,ACC_000702,2025-12-01,1283.40,online,True,2025-12-01
PAY_0000202,ACC_000926,2024-09-12,729.19,online,False,2024-09-12
PAY_0000203,ACC_000884,2024-03-24,615.55,ach,True,2024-03-24
PAY_0000204,ACC_000701,2025-09-17,854.65,check,False,2025-09-17
PAY_0000205,ACC_001059,2024-07-02,1042.73,online,False,2024-07-02
PAY_0000206,ACC_001164,2025-03-15,103.66,check,True,2025-03-15
PAY_0000207,ACC_000210,2025-02-09,1677.99,check,False,2025-02-09
PAY_0000208,ACC_000930,2026-01-15,640.74,online,False,2026-01-15
PAY_0000209,ACC_000910,2025-09-02,1134.08,ach,False,2025-09-02
PAY_0000210,ACC_000176,2024-01-01,1921.90,check,False,2024-01-01
PAY_0000211,ACC_000535,2024-03-03,1553.44,wire,True,2024-03-03
PAY_0000212,ACC_000965,2024-08-31,769.82,check,False,2024-08-31
PAY_0000213,ACC_000829,2025-01-04,1657.20,check,False,2025-01-04
PAY_0000214,ACC_000471,2026-02-13,1772.04,online,True,2026-02-13
PAY_0000215,ACC_000665,2024-01-04,743.59,online,False,2024-01-04
PAY_0000216,ACC_000637,2025-08-30,60.87,online,True,2025-08-30
PAY_0000217,ACC_001188,2025-11-15,707.93,wire,False,2025-11-15
PAY_0000218,ACC_000712,2024-02-09,132.69,online,False,2024-02-09
PAY_0000219,ACC_000513,2025-01-20,1682.60,check,False,2025-01-20
PAY_0000220,ACC_000098,2026-01-03,1831.22,online,False,2026-01-03
PAY_0000221,ACC_000356,2025-09-07,1058.54,online,False,2025-09-07
PAY_0000222,ACC_001087,2024-03-20,1319.13,wire,False,2024-03-20
PAY_0000223,ACC_000610,2025-09-17,1942.29,check,True,2025-09-17
PAY_0000224,ACC_000684,2024-09-27,171.31,online,True,2024-09-27
PAY_0000225,ACC_000372,2024-08-09,610.57,ach,True,2024-08-09
PAY_0000226,ACC_000778,2024-04-22,1272.59,wire,False,2024-04-22
PAY_0000227,ACC_001027,2025-01-11,912.82,ach,False,2025-01-11
PAY_0000228,ACC_000815,2024-10-23,209.86,check,True,2024-10-23
PAY_0000229,ACC_000590,2024-11-29,191.41,check,True,2024-11-29
PAY_0000230,ACC_000075,2024-04-27,1723.37,wire,False,2024-04-27
PAY_0000231,ACC_000146,2026-01-20,566.46,check,False,2026-01-20
PAY_0000232,ACC_000820,2025-02-02,1628.81,wire,False,2025-02-02
PAY_0000233,ACC_001041,2025-01-26,683.94,ach,False,2025-01-26
PAY_0000234,ACC_000217,2024-05-11,1061.03,online,False,2024-05-11
PAY_0000235,ACC_000084,2024-06-07,806.81,online,True,2024-06-07
PAY_0000236,ACC_000076,2025-05-09,1473.67,wire,False,2025-05-09
PAY_0000237,ACC_000303,2025-11-27,153.74,online,False,2025-11-27
PAY_0000238,ACC_000730,2024-06-25,460.11,online,False,2024-06-25
PAY_0000239,ACC_001002,2024-04-28,218.28,check,False,2024-04-28
PAY_0000240,ACC_000562,2024-03-21,651.73,online,False,2024-03-21
PAY_0000241,ACC_000605,2025-11-08,1356.95,check,False,2025-11-08
PAY_0000242,ACC_000477,2025-04-27,1111.74,online,False,2025-04-27
PAY_0000243,ACC_000885,2025-02-26,322.04,wire,True,2025-02-26
PAY_0000244,ACC_000857,2025-09-02,419.13,online,True,2025-09-02
PAY_0000245,ACC_001122,2024-10-23,1849.03,check,False,2024-10-23
PAY_0000246,ACC_001042,2025-02-03,1234.95,wire,False,2025-02-03
PAY_0000247,ACC_000995,2025-08-01,915.94,check,True,2025-08-01
PAY_0000248,ACC_000226,2024-03-06,784.36,ach,False,2024-03-06
PAY_0000249,ACC_000910,2025-05-31,130.12,check,False,2025-05-31
PAY_0000250,ACC_001079,2024-05-16,1278.20,wire,False,2024-05-16
PAY_0000251,ACC_000929,2024-04-05,1202.37,wire,False,2024-04-05
PAY_0000252,ACC_000226,2024-10-05,632.34,ach,True,2024-10-05
PAY_0000253,ACC_000908,2024-03-04,1073.89,ach,False,2024-03-04
PAY_0000254,ACC_000486,2024-12-01,1623.27,online,True,2024-12-01
PAY_0000255,ACC_000160,2026-02-18,1386.17,wire,False,2026-02-18
PAY_0000256,ACC_000586,2025-11-17,383.93,check,True,2025-11-17
PAY_0000257,ACC_001018,2026-02-21,63.51,wire,True,2026-02-21
PAY_0000258,ACC_000459,2024-01-18,913.94,wire,False,2024-01-18
PAY_0000259,ACC_000232,2025-09-11,1683.94,check,True,2025-09-11
PAY_0000260,ACC_000717,2024-01-16,1941.94,check,True,2024-01-16
PAY_0000261,ACC_000387,2024-12-29,1570.93,check,False,2024-12-29
PAY_0000262,ACC_001136,2024-05-19,547.92,online,True,2024-05-19
PAY_0000263,ACC_000511,2024-11-14,1333.31,online,False,2024-11-14
PAY_0000264,ACC_000314,2024-08-12,1659.60,check,False,2024-08-12
PAY_0000265,ACC_000750,2024-08-10,1563.46,online,False,2024-08-10
PAY_0000266,ACC_000600,2025-03-30,842.46,ach,False,2025-03-30
PAY_0000267,ACC_000272,2025-04-10,896.94,check,False,2025-04-10
PAY_0000268,ACC_000033,2024-11-06,1379.48,ach,False,2024-11-06
PAY_0000269,ACC_001123,2026-02-17,220.58,online,False,2026-02-17
PAY_0000270,ACC_000221,2024-09-07,1957.64,check,True,2024-09-07
PAY_0000271,ACC_000937,2025-10-17,1528.52,online,False,2025-10-17
PAY_0000272,ACC_000292,2024-10-17,187.33,wire,False,2024-10-17
PAY_0000273,ACC_000103,2024-04-28,112.63,ach,False,2024-04-28
PAY_0000274,ACC_000930,2025-08-21,477.97,ach,False,2025-08-21
PAY_0000275,ACC_000835,2024-02-10,545.37,wire,False,2024-02-10
PAY_0000276,ACC_000211,2025-06-07,805.93,ach,False,2025-06-07
PAY_0000277,ACC_001163,2024-07-11,1012.19,check,False,2024-07-11
PAY_0000278,ACC_000699,2025-06-22,1729.94,wire,False,2025-06-22
PAY_0000279,ACC_000425,2025-05-01,73.05,online,False,2025-05-01
PAY_0000280,ACC_001180,2024-09-25,1387.01,ach,False,2024-09-25
PAY_0000281,ACC_000374,2024-05-28,1975.46,wire,False,2024-05-28
PAY_0000282,ACC_000770,2025-06-22,634.12,online,False,2025-06-22
PAY_0000283,ACC_000549,2025-09-03,690.80,online,False,2025-09-03
PAY_0000284,ACC_000839,2024-09-12,1448.43,check,False,2024-09-12
PAY_0000285,ACC_000163,2024-03-11,1446.73,check,True,2024-03-11
PAY_0000286,ACC_000482,2024-06-18,860.23,online,True,2024-06-18
PAY_0000287,ACC_000483,2025-12-17,124.25,check,False,2025-12-17
PAY_0000288,ACC_000454,2024-09-13,642.27,ach,False,2024-09-13
PAY_0000289,ACC_000600,2024-01-02,882.44,wire,False,2024-01-02
PAY_0000290,ACC_000217,2024-07-21,1349.28,wire,False,2024-07-21
PAY_0000291,ACC_000492,2025-10-10,969.27,online,True,2025-10-10
PAY_0000292,ACC_000378,2024-06-09,1397.76,wire,False,2024-06-09
PAY_0000293,ACC_000102,2024-03-06,506.66,ach,False,2024-03-06
PAY_0000294,ACC_000399,2025-05-05,186.72,online,False,2025-05-05
PAY_0000295,ACC_000192,2025-01-19,711.85,online,False,2025-01-19
PAY_0000296,ACC_000374,2025-02-20,1401.53,wire,False,2025-02-20
PAY_0000297,ACC_000356,2025-01-16,1820.70,online,True,2025-01-16
PAY_0000298,ACC_000610,2025-12-07,1597.78,ach,True,2025-12-07
PAY_0000299,ACC_001108,2024-08-15,1995.63,ach,False,2024-08-15
PAY_0000300,ACC_000353,2024-03-07,53.99,check,True,2024-03-07
PAY_0000301,ACC_000597,2024-01-18,1964.99,online,False,2024-01-18
PAY_0000302,ACC_000103,2025-01-04,1063.88,online,True,2025-01-04
PAY_0000303,ACC_000771,2025-06-19,1652.40,wire,False,2025-06-19
PAY_0000304,ACC_000945,2024-10-21,573.85,wire,False,2024-10-21
PAY_0000305,ACC_000661,2025-07-06,1191.26,check,False,2025-07-06
PAY_0000306,ACC_000821,2024-07-04,58.13,online,True,2024-07-04
PAY_0000307,ACC_001018,2025-07-18,682.35,check,False,2025-07-18
PAY_0000308,ACC_000872,2025-10-15,755.96,online,False,2025-10-15
PAY_0000309,ACC_000494,2024-01-24,249.30,online,False,2024-01-24
PAY_0000310,ACC_000986,2024-11-16,1665.01,check,True,2024-11-16
PAY_0000311,ACC_000088,2024-04-12,205.03,check,False,2024-04-12
PAY_0000312,ACC_000598,2025-04-10,793.00,check,False,2025-04-10
PAY_0000313,ACC_000283,2024-04-13,1371.46,online,False,2024-04-13
PAY_0000314,ACC_000992,2025-04-11,490.15,check,True,2025-04-11
PAY_0000315,ACC_000773,2024-03-23,105.60,wire,False,2024-03-23
PAY_0000316,ACC_000798,2024-06-30,1898.46,ach,False,2024-06-30
PAY_0000317,ACC_000102,2025-09-29,563.50,wire,False,2025-09-29
PAY_0000318,ACC_000210,2025-11-08,142.22,ach,False,2025-11-08
PAY_0000319,ACC_000259,2025-11-06,1469.80,ach,False,2025-11-06
PAY_0000320,ACC_001047,2025-09-25,1386.66,check,True,2025-09-25
PAY_0000321,ACC_001005,2025-06-21,1185.01,online,False,2025-06-21
PAY_0000322,ACC_001030,2024-01-15,1327.75,online,False,2024-01-15
PAY_0000323,ACC_000986,2025-09-06,697.23,wire,False,2025-09-06
PAY_0000324,ACC_000228,2024-05-23,789.24,wire,False,2024-05-23
PAY_0000325,ACC_000703,2024-03-02,1506.35,ach,False,2024-03-02
PAY_0000326,ACC_000774,2024-01-12,447.54,online,False,2024-01-12
PAY_0000327,ACC_000852,2024-08-28,1834.95,online,True,2024-08-28
PAY_0000328,ACC_000431,2025-10-02,1061.24,ach,False,2025-10-02
PAY_0000329,ACC_000975,2025-05-01,704.83,check,False,2025-05-01
PAY_0000330,ACC_000400,2025-07-16,965.76,check,False,2025-07-16
PAY_0000331,ACC_000618,2024-09-21,203.38,online,True,2024-09-21
PAY_0000332,ACC_000087,2024-11-20,1654.30,check,False,2024-11-20
PAY_0000333,ACC_000569,2025-07-04,240.64,ach,False,2025-07-04
PAY_0000334,ACC_000525,2024-12-14,1804.01,ach,True,2024-12-14
PAY_0000335,ACC_000042,2025-10-24,1532.31,check,True,2025-10-24
PAY_0000336,ACC_001142,2026-01-09,1326.60,check,True,2026-01-09
PAY_0000337,ACC_000050,2025-05-01,938.20,wire,False,2025-05-01
PAY_0000338,ACC_000621,2025-05-31,53.34,wire,True,2025-05-31
PAY_0000339,ACC_000767,2024-09-16,1050.91,ach,False,2024-09-16
PAY_0000340,ACC_000884,2025-01-27,1043.15,wire,True,2025-01-27
PAY_0000341,ACC_001188,2025-05-26,482.07,wire,False,2025-05-26
PAY_0000342,ACC_000880,2025-05-11,1772.03,check,False,2025-05-11
PAY_0000343,ACC_000905,2025-05-07,1880.04,ach,False,2025-05-07
PAY_0000344,ACC_000086,2024-12-30,1282.84,online,False,2024-12-30
PAY_0000345,ACC_000456,2024-03-27,1404.84,check,False,2024-03-27
PAY_0000346,ACC_000712,2024-06-17,1077.08,online,False,2024-06-17
PAY_0000347,ACC_000670,2024-01-22,788.37,ach,False,2024-01-22
PAY_0000348,ACC_001146,2025-04-23,1604.21,check,False,2025-04-23
PAY_0000349,ACC_000541,2025-05-21,1626.39,ach,False,2025-05-21
PAY_0000350,ACC_001197,2026-01-05,1425.15,ach,False,2026-01-05
PAY_0000351,ACC_000268,2025-12-11,598.77,wire,False,2025-12-11
PAY_0000352,ACC_000195,2024-09-29,1390.75,wire,False,2024-09-29
PAY_0000353,ACC_000271,2024-07-11,822.86,check,False,2024-07-11
PAY_0000354,ACC_000569,2025-07-09,1691.57,wire,False,2025-07-09
PAY_0000355,ACC_000749,2025-11-25,467.10,wire,False,2025-11-25
PAY_0000356,ACC_001044,2025-12-12,417.83,ach,True,2025-12-12
PAY_0000357,ACC_000189,2024-04-26,1571.33,online,False,2024-04-26
PAY_0000358,ACC_000487,2025-08-01,1482.17,online,False,2025-08-01
PAY_0000359,ACC_000414,2025-11-10,394.10,check,False,2025-11-10
PAY_0000360,ACC_000945,2025-05-14,1515.05,online,False,2025-05-14
PAY_0000361,ACC_000640,2025-06-16,1010.20,online,False,2025-06-16
PAY_0000362,ACC_000952,2024-10-12,82.03,ach,False,2024-10-12
PAY_0000363,ACC_000021,2024-12-01,292.36,ach,True,2024-12-01
PAY_0000364,ACC_000167,2024-11-23,1561.45,ach,False,2024-11-23
PAY_0000365,ACC_000835,2024-01-05,1875.15,online,False,2024-01-05
PAY_0000366,ACC_000335,2025-09-01,755.81,ach,False,2025-09-01
PAY_0000367,ACC_000231,2025-08-13,1076.84,ach,False,2025-08-13
PAY_0000368,ACC_001176,2025-08-24,1126.38,wire,True,2025-08-24
PAY_0000369,ACC_000982,2024-10-09,1617.30,online,True,2024-10-09
PAY_0000370,ACC_001162,2025-01-19,1710.80,check,False,2025-01-19
PAY_0000371,ACC_000586,2024-01-30,1198.76,check,False,2024-01-30
PAY_0000372,ACC_000627,2026-02-18,541.15,check,False,2026-02-18
PAY_0000373,ACC_000062,2024-06-25,1968.54,check,False,2024-06-25
PAY_0000374,ACC_001010,2026-02-08,157.40,ach,False,2026-02-08
PAY_0000375,ACC_000584,2024-08-17,1400.64,wire,False,2024-08-17
PAY_0000376,ACC_001123,2024-04-11,1591.21,online,False,2024-04-11
PAY_0000377,ACC_000188,2025-10-04,1871.30,online,False,2025-10-04
PAY_0000378,ACC_000963,2025-12-06,1305.55,online,False,2025-12-06
PAY_0000379,ACC_000086,2026-02-17,1944.13,online,False,2026-02-17
PAY_0000380,ACC_000905,2025-03-24,883.02,check,False,2025-03-24
PAY_0000381,ACC_000231,2025-09-09,1860.02,ach,True,2025-09-09
PAY_0000382,ACC_000259,2024-01-04,161.03,wire,True,2024-01-04
PAY_0000383,ACC_000206,2025-12-15,85.22,wire,False,2025-12-15
PAY_0000384,ACC_001079,2024-06-01,1928.17,check,False,2024-06-01
PAY_0000385,ACC_001165,2024-11-12,1880.92,wire,False,2024-11-12
PAY_0000386,ACC_000475,2024-01-03,1789.81,wire,False,2024-01-03
PAY_0000387,ACC_000620,2024-12-25,396.57,ach,False,2024-12-25
PAY_0000388,ACC_000009,2024-06-15,1038.89,check,False,2024-06-15
PAY_0000389,ACC_000107,2024-07-04,652.61,ach,False,2024-07-04
PAY_0000390,ACC_000333,2026-01-01,1190.01,check,True,2026-01-01
PAY_0000391,ACC_001037,2026-02-19,1447.39,ach,False,2026-02-19
PAY_0000392,ACC_001098,2024-05-18,1468.38,ach,False,2024-05-18
PAY_0000393,ACC_000094,2025-07-26,1191.08,online,True,2025-07-26
PAY_0000394,ACC_001056,2026-01-24,987.14,wire,False,2026-01-24
PAY_0000395,ACC_000129,2026-01-10,263.28,wire,False,2026-01-10
PAY_0000396,ACC_000727,2025-08-17,1242.31,ach,False,2025-08-17
PAY_0000397,ACC_000769,2026-01-24,1121.79,check,False,2026-01-24
PAY_0000398,ACC_000343,2025-04-20,736.18,wire,True,2025-04-20
PAY_0000399,ACC_000901,2025-02-07,1411.68,check,False,2025-02-07
PAY_0000400,ACC_001167,2025-03-18,1891.31,check,False,2025-03-18
PAY_0000401,ACC_001109,2025-03-14,979.58,check,False,2025-03-14
PAY_0000402,ACC_000838,2025-10-09,210.86,ach,False,2025-10-09
PAY_0000403,ACC_001057,2024-03-21,588.89,ach,False,2024-03-21
PAY_0000404,ACC_000940,2024-12-23,462.37,check,False,2024-12-23
PAY_0000405,ACC_001164,2025-09-02,348.31,wire,False,2025-09-02
PAY_0000406,ACC_000967,2026-01-30,1721.81,check,True,2026-01-30
PAY_0000407,ACC_000336,2025-08-06,1464.06,check,False,2025-08-06
PAY_0000408,ACC_000483,2024-01-21,503.50,ach,False,2024-01-21
PAY_0000409,ACC_000693,2025-04-30,1751.81,check,True,2025-04-30
PAY_0000410,ACC_001095,2024-07-14,1758.12,check,True,2024-07-14
PAY_0000411,ACC_001066,2024-11-25,1161.46,wire,True,2024-11-25
PAY_0000412,ACC_000902,2024-06-17,125.12,wire,False,2024-06-17
PAY_0000413,ACC_000835,2025-01-19,349.22,check,True,2025-01-19
PAY_0000414,ACC_000537,2025-01-21,1604.55,wire,True,2025-01-21
PAY_0000415,ACC_001147,2025-10-05,894.33,online,True,2025-10-05
PAY_0000416,ACC_000368,2025-03-05,984.42,ach,True,2025-03-05
PAY_0000417,ACC_000765,2025-08-28,1897.12,check,True,2025-08-28
PAY_0000418,ACC_000593,2025-02-12,1316.14,wire,False,2025-02-12
PAY_0000419,ACC_000132,2025-05-04,753.29,check,True,2025-05-04
PAY_0000420,ACC_000221,2025-05-19,583.60,ach,True,2025-05-19
PAY_0000421,ACC_001040,2024-08-29,520.42,online,True,2024-08-29
PAY_0000422,ACC_000360,2025-01-13,1576.09,check,False,2025-01-13
PAY_0000423,ACC_001114,2025-10-26,1946.22,wire,False,2025-10-26
PAY_0000424,ACC_000522,2025-12-10,376.64,check,False,2025-12-10
PAY_0000425,ACC_000855,2024-08-31,1598.21,check,False,2024-08-31
PAY_0000426,ACC_000240,2025-09-27,94.46,check,False,2025-09-27
PAY_0000427,ACC_000448,2024-11-03,1035.79,wire,False,2024-11-03
PAY_0000428,ACC_000245,2024-12-14,690.27,online,False,2024-12-14
PAY_0000429,ACC_000560,2024-05-09,440.15,check,False,2024-05-09
PAY_0000430,ACC_001033,2024-03-22,1336.67,ach,False,2024-03-22
PAY_0000431,ACC_001146,2024-02-23,1858.27,ach,False,2024-02-23
PAY_0000432,ACC_000869,2024-10-22,532.57,ach,False,2024-10-22
PAY_0000433,ACC_000294,2024-10-28,1565.41,online,True,2024-10-28
PAY_0000434,ACC_000332,2024-04-01,1571.09,wire,False,2024-04-01
PAY_0000435,ACC_000285,2024-06-12,711.69,online,False,2024-06-12
PAY_0000436,ACC_001052,2025-06-24,837.94,wire,True,2025-06-24
PAY_0000437,ACC_000692,2025-04-11,1246.61,online,False,2025-04-11
PAY_0000438,ACC_000072,2024-04-07,1051.67,online,True,2024-04-07
PAY_0000439,ACC_000843,2025-06-11,581.56,wire,False,2025-06-11
PAY_0000440,ACC_000256,2025-09-29,1939.08,wire,False,2025-09-29
PAY_0000441,ACC_000290,2025-05-13,1417.04,wire,False,2025-05-13
PAY_0000442,ACC_000880,2026-02-27,1191.10,online,False,2026-02-27
PAY_0000443,ACC_000729,2024-03-19,604.42,wire,False,2024-03-19
PAY_0000444,ACC_000530,2025-10-08,1952.32,check,False,2025-10-08
PAY_0000445,ACC_000161,2024-04-06,1397.61,online,False,2024-04-06
PAY_0000446,ACC_000643,2025-10-19,1991.44,online,False,2025-10-19
PAY_0000447,ACC_000227,2024-07-12,167.52,check,True,2024-07-12
PAY_0000448,ACC_000949,2024-11-14,874.59,ach,False,2024-11-14
PAY_0000449,ACC_000287,2024-12-18,1230.66,check,True,2024-12-18
PAY_0000450,ACC_000907,2024-03-23,385.49,check,False,2024-03-23
PAY_0000451,ACC_000154,2025-06-16,95.83,online,False,2025-06-16
PAY_0000452,ACC_000092,2025-08-05,124.83,check,False,2025-08-05
PAY_0000453,ACC_000409,2024-07-28,576.92,online,False,2024-07-28
PAY_0000454,ACC_000145,2025-05-11,645.61,online,True,2025-05-11
PAY_0000455,ACC_000595,2025-07-17,445.67,check,False,2025-07-17
PAY_0000456,ACC_000222,2025-10-28,1869.61,check,False,2025-10-28
PAY_0000457,ACC_000809,2025-03-21,762.65,wire,False,2025-03-21
PAY_0000458,ACC_001108,2025-09-26,1857.50,wire,False,2025-09-26
PAY_0000459,ACC_000580,2025-10-04,1576.27,ach,True,2025-10-04
PAY_0000460,ACC_000283,2026-01-22,205.54,online,False,2026-01-22
PAY_0000461,ACC_001018,2025-12-04,342.32,check,False,2025-12-04
PAY_0000462,ACC_000875,2024-05-02,1607.02,online,False,2024-05-02
PAY_0000463,ACC_001080,2024-06-08,1465.67,ach,False,2024-06-08
PAY_0000464,ACC_000553,2026-01-03,1947.30,online,False,2026-01-03
PAY_0000465,ACC_000395,2025-02-08,1500.92,ach,False,2025-02-08
PAY_0000466,ACC_000689,2025-07-01,653.44,check,True,2025-07-01
PAY_0000467,ACC_000518,2024-05-19,887.66,check,False,2024-05-19
PAY_0000468,ACC_000056,2024-09-25,1290.41,online,False,2024-09-25
PAY_0000469,ACC_000851,2025-12-28,1376.41,check,False,2025-12-28
PAY_0000470,ACC_000951,2024-01-20,970.69,ach,True,2024-01-20
PAY_0000471,ACC_001034,2025-05-29,140.35,wire,False,2025-05-29
PAY_0000472,ACC_000351,2024-08-30,1588.69,online,False,2024-08-30
PAY_0000473,ACC_000528,2025-08-15,1128.16,wire,False,2025-08-15
PAY_0000474,ACC_000278,2025-08-31,1097.88,ach,False,2025-08-31
PAY_0000475,ACC_000884,2025-05-12,580.80,online,False,2025-05-12
PAY_0000476,ACC_000843,2025-07-18,1089.30,wire,False,2025-07-18
PAY_0000477,ACC_000461,2025-09-11,1974.52,ach,True,2025-09-11
PAY_0000478,ACC_000565,2024-05-26,627.57,check,False,2024-05-26
PAY_0000479,ACC_000252,2026-01-22,1534.53,wire,True,2026-01-22
PAY_0000480,ACC_000500,2024-12-05,954.29,check,False,2024-12-05
PAY_0000481,ACC_000333,2024-04-08,197.29,wire,False,2024-04-08
PAY_0000482,ACC_000200,2025-03-09,1687.91,wire,False,2025-03-09
PAY_0000483,ACC_000349,2025-07-02,811.86,wire,False,2025-07-02
PAY_0000484,ACC_000282,2025-07-31,101.73,check,False,2025-07-31
PAY_0000485,ACC_000634,2025-09-14,1055.40,wire,False,2025-09-14
PAY_0000486,ACC_000393,2024-05-03,1697.89,online,True,2024-05-03
PAY_0000487,ACC_000767,2025-07-21,840.01,online,False,2025-07-21
PAY_0000488,ACC_000984,2025-10-31,1013.39,check,False,2025-10-31
PAY_0000489,ACC_000409,2025-08-16,377.81,ach,False,2025-08-16
PAY_0000490,ACC_000965,2026-01-25,1884.42,online,False,2026-01-25
PAY_0000491,ACC_000107,2024-10-13,318.02,online,False,2024-10-13
PAY_0000492,ACC_000247,2026-02-12,265.64,check,False,2026-02-12
PAY_0000493,ACC_001146,2024-01-23,659.36,wire,False,2024-01-23
PAY_0000494,ACC_000583,2025-04-07,767.38,wire,False,2025-04-07
PAY_0000495,ACC_000833,2024-11-30,1071.59,wire,False,2024-11-30
PAY_0000496,ACC_000249,2024-08-08,162.24,online,False,2024-08-08
PAY_0000497,ACC_000205,2025-03-19,57.85,online,False,2025-03-19
PAY_0000498,ACC_000463,2026-02-28,1328.15,ach,False,2026-02-28
PAY_0000499,ACC_001189,2024-01-18,597.89,online,False,2024-01-18
PAY_0000500,ACC_000327,2025-06-22,889.04,check,True,2025-06-22
PAY_0000501,ACC_000691,2024-11-26,454.14,wire,False,2024-11-26
PAY_0000502,ACC_001190,2024-05-30,794.27,ach,False,2024-05-30
PAY_0000503,ACC_000341,2024-10-01,215.67,check,False,2024-10-01
PAY_0000504,ACC_001024,2024-10-07,1458.82,wire,False,2024-10-07
PAY_0000505,ACC_001133,2024-05-20,742.58,ach,True,2024-05-20
PAY_0000506,ACC_000511,2025-06-04,785.17,ach,False,2025-06-04
PAY_0000507,ACC_000660,2025-11-27,1651.25,check,False,2025-11-27
PAY_0000508,ACC_000874,2024-11-09,427.07,check,False,2024-11-09
PAY_0000509,ACC_001071,2025-08-04,236.78,ach,True,2025-08-04
PAY_0000510,ACC_000521,2024-02-16,1833.58,wire,False,2024-02-16
PAY_0000511,ACC_000277,2024-01-27,333.34,ach,False,2024-01-27
PAY_0000512,ACC_000205,2024-02-09,882.58,check,False,2024-02-09
PAY_0000513,ACC_000627,2024-09-24,1145.42,ach,True,2024-09-24
PAY_0000514,ACC_000478,2025-04-11,917.54,ach,True,2025-04-11
PAY_0000515,ACC_000721,2024-04-24,417.85,online,False,2024-04-24
PAY_0000516,ACC_000436,2024-09-08,248.57,wire,True,2024-09-08
PAY_0000517,ACC_000936,2024-03-29,1553.33,wire,False,2024-03-29
PAY_0000518,ACC_000522,2025-08-10,398.90,wire,False,2025-08-10
PAY_0000519,ACC_000321,2025-06-14,975.74,online,False,2025-06-14
PAY_0000520,ACC_000874,2025-09-29,338.12,check,False,2025-09-29
PAY_0000521,ACC_000089,2025-10-17,754.14,check,False,2025-10-17
PAY_0000522,ACC_001153,2025-07-07,1898.19,check,False,2025-07-07
PAY_0000523,ACC_000075,2026-02-27,1124.53,online,True,2026-02-27
PAY_0000524,ACC_001020,2024-09-23,535.29,wire,True,2024-09-23
PAY_0000525,ACC_000194,2024-07-29,1354.30,ach,False,2024-07-29
PAY_0000526,ACC_001002,2024-05-12,410.02,check,False,2024-05-12
PAY_0000527,ACC_000153,2026-02-08,1497.82,wire,False,2026-02-08
PAY_0000528,ACC_000153,2025-01-31,97.69,check,False,2025-01-31
PAY_0000529,ACC_001168,2024-05-15,1792.36,check,False,2024-05-15
PAY_0000530,ACC_000904,2025-07-06,1379.45,online,True,2025-07-06
PAY_0000531,ACC_000792,2024-10-29,1683.16,wire,True,2024-10-29
PAY_0000532,ACC_000398,2025-07-21,652.92,online,False,2025-07-21
PAY_0000533,ACC_000782,2025-08-03,73.38,ach,True,2025-08-03
PAY_0000534,ACC_000951,2025-01-23,1391.03,wire,False,2025-01-23
PAY_0000535,ACC_000314,2024-01-26,684.43,ach,True,2024-01-26
PAY_0000536,ACC_000781,2025-02-22,1667.32,wire,True,2025-02-22
PAY_0000537,ACC_000670,2024-12-13,865.78,ach,False,2024-12-13
PAY_0000538,ACC_000701,2025-02-24,1567.65,online,True,2025-02-24
PAY_0000539,ACC_000995,2024-08-19,1701.00,online,True,2024-08-19
PAY_0000540,ACC_000207,2024-03-19,1990.76,ach,False,2024-03-19
PAY_0000541,ACC_001037,2024-06-08,150.07,ach,False,2024-06-08
PAY_0000542,ACC_000903,2024-11-27,1828.80,online,False,2024-11-27
PAY_0000543,ACC_000161,2024-04-10,260.77,online,False,2024-04-10
PAY_0000544,ACC_000609,2024-10-07,1915.34,wire,False,2024-10-07
PAY_0000545,ACC_001052,2024-12-05,532.12,wire,True,2024-12-05
PAY_0000546,ACC_000679,2025-04-07,172.06,check,False,2025-04-07
PAY_0000547,ACC_001018,2024-04-29,257.04,online,False,2024-04-29
PAY_0000548,ACC_000408,2025-05-29,1151.22,wire,False,2025-05-29
PAY_0000549,ACC_000783,2025-10-15,830.99,ach,True,2025-10-15
PAY_0000550,ACC_000123,2024-01-11,1669.05,check,False,2024-01-11
PAY_0000551,ACC_000585,2025-10-05,242.55,online,True,2025-10-05
PAY_0000552,ACC_000501,2025-01-07,1295.76,wire,True,2025-01-07
PAY_0000553,ACC_000692,2025-02-04,964.97,online,False,2025-02-04
PAY_0000554,ACC_001182,2025-08-02,1508.69,ach,False,2025-08-02
PAY_0000555,ACC_000685,2025-03-19,1344.95,check,False,2025-03-19
PAY_0000556,ACC_000630,2024-03-10,1923.63,check,False,2024-03-10
PAY_0000557,ACC_001162,2024-05-10,1325.07,ach,False,2024-05-10
PAY_0000558,ACC_000671,2024-04-08,1643.48,wire,True,2024-04-08
PAY_0000559,ACC_000878,2025-08-22,1547.48,check,True,2025-08-22
PAY_0000560,ACC_000587,2025-03-19,126.09,ach,True,2025-03-19
PAY_0000561,ACC_000576,2024-01-22,588.91,online,False,2024-01-22
PAY_0000562,ACC_000844,2025-01-25,1519.28,wire,True,2025-01-25
PAY_0000563,ACC_000455,2025-11-26,1552.34,wire,True,2025-11-26
PAY_0000564,ACC_001152,2025-06-06,1710.62,online,False,2025-06-06
PAY_0000565,ACC_000631,2024-08-16,206.28,wire,False,2024-08-16
PAY_0000566,ACC_000466,2024-01-30,1921.34,ach,False,2024-01-30
PAY_0000567,ACC_000502,2025-10-18,95.62,wire,False,2025-10-18
PAY_0000568,ACC_000093,2025-02-17,1291.84,online,False,2025-02-17
PAY_0000569,ACC_000029,2025-08-02,169.98,check,False,2025-08-02
PAY_0000570,ACC_000766,2024-06-21,592.37,online,False,2024-06-21
PAY_0000571,ACC_001004,2025-10-19,695.44,check,False,2025-10-19
PAY_0000572,ACC_000108,2025-09-27,1853.62,wire,False,2025-09-27
PAY_0000573,ACC_000977,2024-06-14,1326.55,online,False,2024-06-14
PAY_0000574,ACC_000485,2024-05-29,713.65,check,False,2024-05-29
PAY_0000575,ACC_000211,2024-04-29,309.69,check,False,2024-04-29
PAY_0000576,ACC_000116,2025-12-18,273.75,online,False,2025-12-18
PAY_0000577,ACC_000944,2025-01-28,1692.46,check,False,2025-01-28
PAY_0000578,ACC_000301,2026-01-12,1454.44,ach,False,2026-01-12
PAY_0000579,ACC_000412,2026-02-21,379.82,check,False,2026-02-21
PAY_0000580,ACC_000270,2025-11-12,1340.39,check,False,2025-11-12
PAY_0000581,ACC_000730,2024-01-11,1051.52,ach,False,2024-01-11
PAY_0000582,ACC_001116,2024-02-19,1390.28,online,False,2024-02-19
PAY_0000583,ACC_000267,2024-02-10,483.83,online,False,2024-02-10
PAY_0000584,ACC_000644,2024-05-27,598.85,online,False,2024-05-27
PAY_0000585,ACC_000490,2025-08-03,1274.38,online,True,2025-08-03
PAY_0000586,ACC_001021,2024-10-13,349.40,wire,False,2024-10-13
PAY_0000587,ACC_001078,2024-03-05,424.50,ach,False,2024-03-05
PAY_0000588,ACC_000699,2025-09-28,477.08,check,False,2025-09-28
PAY_0000589,ACC_000520,2024-07-29,877.23,online,False,2024-07-29
PAY_0000590,ACC_000159,2024-06-15,1101.35,online,False,2024-06-15
PAY_0000591,ACC_000459,2025-03-25,978.96,ach,True,2025-03-25
PAY_0000592,ACC_000743,2024-09-04,486.95,ach,False,2024-09-04
PAY_0000593,ACC_000675,2026-01-13,1313.43,check,False,2026-01-13
PAY_0000594,ACC_000873,2024-05-20,1248.63,online,False,2024-05-20
PAY_0000595,ACC_000961,2026-02-05,1795.18,ach,False,2026-02-05
PAY_0000596,ACC_000394,2025-02-08,526.19,wire,False,2025-02-08
PAY_0000597,ACC_000078,2025-10-06,1239.60,wire,False,2025-10-06
PAY_0000598,ACC_000319,2024-12-03,146.45,ach,False,2024-12-03
PAY_0000599,ACC_000591,2024-03-18,802.86,ach,True,2024-03-18
PAY_0000600,ACC_000755,2025-11-16,1800.55,ach,False,2025-11-16
PAY_0000601,ACC_000170,2025-10-18,318.06,ach,True,2025-10-18
PAY_0000602,ACC_000780,2024-12-09,1193.05,ach,False,2024-12-09
PAY_0000603,ACC_000128,2024-10-27,1073.34,online,False,2024-10-27
PAY_0000604,ACC_000742,2025-05-20,1553.72,check,False,2025-05-20
PAY_0000605,ACC_000368,2025-10-22,1238.72,wire,False,2025-10-22
PAY_0000606,ACC_000269,2024-05-24,962.73,ach,False,2024-05-24
PAY_0000607,ACC_000898,2025-08-01,513.73,online,True,2025-08-01
PAY_0000608,ACC_000940,2024-07-20,1915.67,wire,True,2024-07-20
PAY_0000609,ACC_000315,2024-10-14,1841.67,wire,False,2024-10-14
PAY_0000610,ACC_001044,2024-01-23,1826.79,check,True,2024-01-23
PAY_0000611,ACC_000749,2024-03-10,467.55,ach,False,2024-03-10
PAY_0000612,ACC_001152,2026-01-14,1240.87,check,False,2026-01-14
PAY_0000613,ACC_000301,2026-01-13,912.27,ach,True,2026-01-13
PAY_0000614,ACC_000814,2025-05-09,1672.62,ach,False,2025-05-09
PAY_0000615,ACC_000837,2025-10-11,1228.98,ach,True,2025-10-11
PAY_0000616,ACC_001106,2026-01-08,1767.65,ach,False,2026-01-08
PAY_0000617,ACC_000009,2024-01-04,1764.28,ach,True,2024-01-04
PAY_0000618,ACC_000487,2025-11-18,945.56,wire,False,2025-11-18
PAY_0000619,ACC_000867,2025-05-04,1763.54,ach,True,2025-05-04
PAY_0000620,ACC_000893,2025-06-02,1229.19,wire,False,2025-06-02
PAY_0000621,ACC_000932,2024-01-25,176.42,wire,False,2024-01-25
PAY_0000622,ACC_000094,2024-07-06,889.61,wire,True,2024-07-06
PAY_0000623,ACC_000651,2025-05-30,1185.84,online,False,2025-05-30
PAY_0000624,ACC_000886,2024-09-27,1029.20,check,False,2024-09-27
PAY_0000625,ACC_000064,2025-05-28,560.33,online,True,2025-05-28
PAY_0000626,ACC_000659,2025-08-28,1019.22,check,False,2025-08-28
PAY_0000627,ACC_000759,2026-02-27,993.28,check,True,2026-02-27
PAY_0000628,ACC_001142,2025-04-23,816.33,online,True,2025-04-23
PAY_0000629,ACC_000662,2024-06-04,339.28,ach,False,2024-06-04
PAY_0000630,ACC_000452,2025-12-01,947.81,ach,False,2025-12-01
PAY_0000631,ACC_000251,2025-07-03,1874.43,check,False,2025-07-03
PAY_0000632,ACC_000243,2026-02-06,55.73,check,False,2026-02-06
PAY_0000633,ACC_000625,2026-02-19,1526.24,wire,False,2026-02-19
PAY_0000634,ACC_001127,2025-02-22,1560.30,wire,False,2025-02-22
PAY_0000635,ACC_000094,2025-01-09,73.44,wire,False,2025-01-09
PAY_0000636,ACC_000143,2025-02-03,1840.12,check,False,2025-02-03
PAY_0000637,ACC_001107,2024-08-24,1914.99,online,False,2024-08-24
PAY_0000638,ACC_000096,2025-07-27,331.12,ach,False,2025-07-27
PAY_0000639,ACC_000097,2025-02-02,1627.14,ach,False,2025-02-02
PAY_0000640,ACC_000121,2024-11-10,827.11,check,False,2024-11-10
PAY_0000641,ACC_000663,2025-01-29,814.65,ach,False,2025-01-29
PAY_0000642,ACC_000405,2025-02-18,1483.28,check,False,2025-02-18
PAY_0000643,ACC_000993,2025-03-28,751.26,online,False,2025-03-28
PAY_0000644,ACC_000376,2025-09-01,482.06,online,False,2025-09-01
PAY_0000645,ACC_000212,2025-02-05,1504.47,online,True,2025-02-05
PAY_0000646,ACC_000099,2024-02-24,1612.56,wire,False,2024-02-24
PAY_0000647,ACC_000685,2024-11-05,1295.21,ach,False,2024-11-05
PAY_0000648,ACC_001044,2024-07-12,530.74,wire,False,2024-07-12
PAY_0000649,ACC_000044,2025-10-24,389.10,online,True,2025-10-24
PAY_0000650,ACC_000414,2026-02-16,1632.75,wire,False,2026-02-16
PAY_0000651,ACC_000041,2026-02-18,871.58,wire,False,2026-02-18
PAY_0000652,ACC_000590,2024-11-05,101.26,ach,False,2024-11-05
PAY_0000653,ACC_000789,2025-01-29,924.91,wire,False,2025-01-29
PAY_0000654,ACC_000771,2024-09-17,1273.02,check,False,2024-09-17
PAY_0000655,ACC_000750,2024-12-01,253.30,check,True,2024-12-01
PAY_0000656,ACC_000873,2024-05-28,1740.53,ach,True,2024-05-28
PAY_0000657,ACC_000808,2024-06-24,844.73,wire,True,2024-06-24
PAY_0000658,ACC_000912,2025-01-24,1536.78,ach,True,2025-01-24
PAY_0000659,ACC_001055,2024-07-13,584.23,ach,True,2024-07-13
PAY_0000660,ACC_000510,2024-12-01,1392.43,wire,False,2024-12-01
PAY_0000661,ACC_000240,2024-02-25,1340.08,ach,False,2024-02-25
PAY_0000662,ACC_001030,2024-03-18,1600.05,online,False,2024-03-18
PAY_0000663,ACC_001026,2025-03-19,1657.06,wire,False,2025-03-19
PAY_0000664,ACC_000898,2025-06-20,1109.22,wire,False,2025-06-20
PAY_0000665,ACC_000724,2024-04-09,753.43,wire,False,2024-04-09
PAY_0000666,ACC_000060,2025-02-15,518.83,check,False,2025-02-15
PAY_0000667,ACC_000748,2025-01-09,1499.29,check,False,2025-01-09
PAY_0000668,ACC_001087,2025-04-07,1852.09,wire,False,2025-04-07
PAY_0000669,ACC_000984,2024-03-22,849.36,ach,False,2024-03-22
PAY_0000670,ACC_000636,2024-09-06,1420.51,check,False,2024-09-06
PAY_0000671,ACC_000662,2026-01-13,787.40,online,False,2026-01-13
PAY_0000672,ACC_000524,2025-08-31,409.22,ach,False,2025-08-31
PAY_0000673,ACC_000074,2026-02-24,517.74,ach,False,2026-02-24
PAY_0000674,ACC_000988,2024-05-04,1082.85,online,False,2024-05-04
PAY_0000675,ACC_000661,2025-05-12,600.14,wire,False,2025-05-12
PAY_0000676,ACC_000476,2024-07-24,1155.05,ach,True,2024-07-24
PAY_0000677,ACC_000349,2025-11-14,1459.81,ach,False,2025-11-14
PAY_0000678,ACC_000191,2024-08-01,1153.85,check,False,2024-08-01
PAY_0000679,ACC_000084,2025-05-16,427.06,wire,True,2025-05-16
PAY_0000680,ACC_000340,2025-04-16,418.45,wire,False,2025-04-16
PAY_0000681,ACC_000238,2024-02-08,991.33,online,False,2024-02-08
PAY_0000682,ACC_000507,2024-12-26,210.01,ach,False,2024-12-26
PAY_0000683,ACC_000159,2024-11-08,1487.08,check,False,2024-11-08
PAY_0000684,ACC_000341,2025-02-16,699.95,wire,False,2025-02-16
PAY_0000685,ACC_000994,2024-09-11,1537.60,wire,False,2024-09-11
PAY_0000686,ACC_001172,2024-03-17,1248.87,wire,False,2024-03-17
PAY_0000687,ACC_000141,2025-08-16,85.60,online,False,2025-08-16
PAY_0000688,ACC_000085,2025-07-25,646.44,check,True,2025-07-25
PAY_0000689,ACC_001006,2024-02-04,998.07,ach,False,2024-02-04
PAY_0000690,ACC_000896,2024-08-22,1022.20,ach,False,2024-08-22
PAY_0000691,ACC_000310,2025-03-18,954.79,ach,False,2025-03-18
PAY_0000692,ACC_001145,2025-03-26,768.51,online,False,2025-03-26
PAY_0000693,ACC_000813,2025-09-18,191.82,wire,False,2025-09-18
PAY_0000694,ACC_001007,2025-07-13,1514.97,check,False,2025-07-13
PAY_0000695,ACC_001116,2024-04-27,1206.01,online,False,2024-04-27
PAY_0000696,ACC_000603,2025-10-25,1359.52,wire,True,2025-10-25
PAY_0000697,ACC_000793,2024-10-28,505.36,wire,False,2024-10-28
PAY_0000698,ACC_000648,2024-12-26,702.01,wire,False,2024-12-26
PAY_0000699,ACC_000679,2025-06-01,1592.93,online,False,2025-06-01
PAY_0000700,ACC_001083,2024-02-24,1407.68,wire,False,2024-02-24
PAY_0000701,ACC_000628,2025-04-16,1414.14,check,False,2025-04-16
PAY_0000702,ACC_000363,2024-09-14,113.95,ach,True,2024-09-14
PAY_0000703,ACC_000960,2024-01-14,430.56,ach,True,2024-01-14
PAY_0000704,ACC_000879,2024-12-26,270.73,wire,True,2024-12-26
PAY_0000705,ACC_000466,2025-11-17,1464.86,wire,False,2025-11-17
PAY_0000706,ACC_000396,2026-02-17,844.81,online,False,2026-02-17
PAY_0000707,ACC_001064,2025-07-10,400.60,online,False,2025-07-10
PAY_0000708,ACC_000826,2025-02-15,1564.66,ach,False,2025-02-15
PAY_0000709,ACC_000215,2025-10-14,1024.28,check,True,2025-10-14
PAY_0000710,ACC_000333,2025-12-11,809.43,ach,False,2025-12-11
PAY_0000711,ACC_000827,2024-03-12,351.94,online,False,2024-03-12
PAY_0000712,ACC_000643,2024-07-12,1460.37,check,True,2024-07-12
PAY_0000713,ACC_000310,2025-06-11,1567.70,wire,True,2025-06-11
PAY_0000714,ACC_000501,2024-09-26,1329.98,ach,False,2024-09-26
PAY_0000715,ACC_000251,2025-06-02,1182.18,ach,False,2025-06-02
PAY_0000716,ACC_000868,2025-03-19,1963.41,wire,False,2025-03-19
PAY_0000717,ACC_000619,2024-08-05,931.18,online,True,2024-08-05
PAY_0000718,ACC_000321,2025-01-08,396.53,check,False,2025-01-08
PAY_0000719,ACC_000757,2025-07-11,170.55,wire,True,2025-07-11
PAY_0000720,ACC_001036,2024-11-26,299.07,online,True,2024-11-26
PAY_0000721,ACC_000652,2024-07-07,997.06,ach,False,2024-07-07
PAY_0000722,ACC_000439,2025-07-08,1161.14,ach,True,2025-07-08
PAY_0000723,ACC_000092,2024-02-07,788.82,online,False,2024-02-07
PAY_0000724,ACC_000931,2025-08-26,1269.96,ach,False,2025-08-26
PAY_0000725,ACC_000763,2025-10-28,1703.52,wire,False,2025-10-28
PAY_0000726,ACC_001060,2025-01-23,1932.48,check,True,2025-01-23
PAY_0000727,ACC_001073,2025-10-23,100.29,online,True,2025-10-23
PAY_0000728,ACC_000649,2025-03-08,1238.58,online,False,2025-03-08
PAY_0000729,ACC_001156,2025-09-07,1732.77,ach,False,2025-09-07
PAY_0000730,ACC_000692,2026-01-30,853.77,online,False,2026-01-30
PAY_0000731,ACC_000365,2025-04-23,1677.59,online,False,2025-04-23
PAY_0000732,ACC_001161,2024-10-25,164.18,online,True,2024-10-25
PAY_0000733,ACC_000716,2025-11-03,613.56,check,True,2025-11-03
PAY_0000734,ACC_000368,2025-12-10,1346.35,wire,True,2025-12-10
PAY_0000735,ACC_000057,2024-12-02,210.27,online,True,2024-12-02
PAY_0000736,ACC_001021,2025-02-27,1464.73,wire,True,2025-02-27
PAY_0000737,ACC_000710,2024-07-16,375.29,ach,True,2024-07-16
PAY_0000738,ACC_001079,2024-05-16,552.57,ach,False,2024-05-16
PAY_0000739,ACC_001155,2025-06-01,353.46,wire,False,2025-06-01
PAY_0000740,ACC_000478,2024-02-09,71.44,ach,False,2024-02-09
PAY_0000741,ACC_000988,2024-09-14,250.02,wire,False,2024-09-14
PAY_0000742,ACC_000274,2024-08-31,1305.37,ach,True,2024-08-31
PAY_0000743,ACC_000300,2024-08-08,1881.99,check,False,2024-08-08
PAY_0000744,ACC_000481,2025-12-13,1910.19,check,True,2025-12-13
PAY_0000745,ACC_000373,2024-02-01,1911.46,check,False,2024-02-01
PAY_0000746,ACC_000335,2025-09-07,793.81,online,False,2025-09-07
PAY_0000747,ACC_000534,2025-06-29,1888.97,wire,False,2025-06-29
PAY_0000748,ACC_000785,2025-08-29,1006.55,wire,True,2025-08-29
PAY_0000749,ACC_000241,2024-12-08,108.69,wire,True,2024-12-08
PAY_0000750,ACC_000086,2025-10-03,261.05,check,False,2025-10-03
PAY_0000751,ACC_000570,2024-11-23,1594.02,ach,False,2024-11-23
PAY_0000752,ACC_001068,2024-02-05,1956.50,online,False,2024-02-05
PAY_0000753,ACC_000584,2025-05-10,493.79,ach,False,2025-05-10
PAY_0000754,ACC_000968,2025-08-27,903.63,online,False,2025-08-27
PAY_0000755,ACC_000102,2025-02-28,1368.99,wire,True,2025-02-28
PAY_0000756,ACC_000745,2025-06-18,716.02,check,False,2025-06-18
PAY_0000757,ACC_000987,2025-10-16,620.83,wire,False,2025-10-16
PAY_0000758,ACC_001033,2024-11-20,609.56,online,True,2024-11-20
PAY_0000759,ACC_000296,2024-01-28,1062.79,check,True,2024-01-28
PAY_0000760,ACC_000448,2025-08-27,1332.13,ach,True,2025-08-27
PAY_0000761,ACC_000874,2025-12-16,1919.79,ach,False,2025-12-16
PAY_0000762,ACC_000895,2024-11-09,1886.22,online,True,2024-11-09
PAY_0000763,ACC_000479,2025-08-02,885.96,ach,False,2025-08-02
PAY_0000764,ACC_000315,2025-03-30,1008.52,check,True,2025-03-30
PAY_0000765,ACC_000299,2025-07-24,1011.41,wire,False,2025-07-24
PAY_0000766,ACC_001172,2025-11-01,60.29,check,True,2025-11-01
PAY_0000767,ACC_000463,2024-07-09,261.73,wire,False,2024-07-09
PAY_0000768,ACC_000880,2024-12-24,1840.48,ach,True,2024-12-24
PAY_0000769,ACC_001146,2024-03-01,790.41,online,False,2024-03-01
PAY_0000770,ACC_000750,2025-01-29,1137.12,ach,True,2025-01-29
PAY_0000771,ACC_001027,2025-11-21,232.28,ach,False,2025-11-21
PAY_0000772,ACC_000469,2025-04-09,204.94,ach,False,2025-04-09
PAY_0000773,ACC_000795,2026-01-22,1540.80,wire,False,2026-01-22
PAY_0000774,ACC_000878,2024-05-08,1280.01,check,True,2024-05-08
PAY_0000775,ACC_001031,2024-08-16,170.47,online,True,2024-08-16
PAY_0000776,ACC_000709,2025-10-09,1386.64,wire,True,2025-10-09
PAY_0000777,ACC_000575,2025-11-20,754.69,online,True,2025-11-20
PAY_0000778,ACC_001056,2024-04-25,633.34,wire,False,2024-04-25
PAY_0000779,ACC_001108,2024-12-16,126.55,ach,True,2024-12-16
PAY_0000780,ACC_000566,2024-12-06,71.63,ach,True,2024-12-06
PAY_0000781,ACC_001052,2024-08-30,115.68,check,False,2024-08-30
PAY_0000782,ACC_000004,2024-06-04,161.21,online,False,2024-06-04
PAY_0000783,ACC_000744,2025-05-25,848.09,wire,False,2025-05-25
PAY_0000784,ACC_000800,2025-05-04,986.20,online,True,2025-05-04
PAY_0000785,ACC_000371,2025-04-13,1737.08,wire,True,2025-04-13
PAY_0000786,ACC_000382,2025-04-24,253.03,ach,False,2025-04-24
PAY_0000787,ACC_000142,2025-07-31,1074.49,ach,False,2025-07-31
PAY_0000788,ACC_000559,2024-03-11,1312.64,check,False,2024-03-11
PAY_0000789,ACC_000610,2025-04-23,1631.40,check,False,2025-04-23
PAY_0000790,ACC_000085,2024-07-17,847.15,check,False,2024-07-17
PAY_0000791,ACC_000700,2025-07-25,764.38,wire,False,2025-07-25
PAY_0000792,ACC_000669,2024-12-12,651.68,wire,False,2024-12-12
PAY_0000793,ACC_000656,2025-08-07,227.87,check,False,2025-08-07
PAY_0000794,ACC_000723,2025-03-18,1445.40,wire,True,2025-03-18
PAY_0000795,ACC_000298,2024-05-22,497.19,ach,True,2024-05-22
PAY_0000796,ACC_000195,2024-11-07,1884.93,wire,True,2024-11-07
PAY_0000797,ACC_000559,2024-07-30,903.81,ach,True,2024-07-30
PAY_0000798,ACC_000439,2024-10-23,1630.95,wire,False,2024-10-23
PAY_0000799,ACC_000320,2025-04-29,1076.65,check,False,2025-04-29
PAY_0000800,ACC_000112,2025-06-14,373.40,wire,False,2025-06-14
PAY_0000801,ACC_000960,2024-11-28,1497.88,ach,True,2024-11-28
PAY_0000802,ACC_000025,2024-09-04,1823.72,ach,False,2024-09-04
PAY_0000803,ACC_000844,2025-06-15,590.57,wire,True,2025-06-15
PAY_0000804,ACC_000409,2026-01-06,546.41,wire,False,2026-01-06
PAY_0000805,ACC_000473,2025-03-28,1623.32,online,False,2025-03-28
PAY_0000806,ACC_000536,2024-07-23,1935.00,wire,True,2024-07-23
PAY_0000807,ACC_000845,2025-10-05,955.58,wire,True,2025-10-05
PAY_0000808,ACC_000595,2024-02-01,923.58,check,True,2024-02-01
PAY_0000809,ACC_000800,2025-09-12,572.25,online,False,2025-09-12
PAY_0000810,ACC_000539,2024-03-31,949.17,ach,False,2024-03-31
PAY_0000811,ACC_000602,2025-04-02,1198.12,check,False,2025-04-02
PAY_0000812,ACC_001020,2024-06-01,1434.85,online,True,2024-06-01
PAY_0000813,ACC_000628,2024-07-09,1608.75,check,False,2024-07-09
PAY_0000814,ACC_001169,2025-07-18,776.31,check,True,2025-07-18
PAY_0000815,ACC_000475,2025-08-19,1336.29,ach,False,2025-08-19
PAY_0000816,ACC_000326,2025-11-16,1224.06,ach,False,2025-11-16
PAY_0000817,ACC_000454,2024-11-06,1185.70,check,False,2024-11-06
PAY_0000818,ACC_000039,2025-12-20,441.17,ach,True,2025-12-20
PAY_0000819,ACC_000174,2024-12-21,50.17,online,True,2024-12-21
PAY_0000820,ACC_000219,2024-06-22,392.15,wire,False,2024-06-22
PAY_0000821,ACC_000414,2024-01-20,896.67,check,True,2024-01-20
PAY_0000822,ACC_000001,2025-06-04,1411.98,wire,False,2025-06-04
PAY_0000823,ACC_000628,2024-03-02,1247.03,check,True,2024-03-02
PAY_0000824,ACC_000383,2024-07-20,128.65,ach,False,2024-07-20
PAY_0000825,ACC_000966,2026-01-01,1829.94,online,True,2026-01-01
PAY_0000826,ACC_000041,2025-12-08,1318.89,online,True,2025-12-08
PAY_0000827,ACC_000779,2024-07-21,1226.14,wire,True,2024-07-21
PAY_0000828,ACC_000200,2025-12-24,1432.56,ach,False,2025-12-24
PAY_0000829,ACC_000396,2025-04-29,1920.89,ach,False,2025-04-29
PAY_0000830,ACC_000888,2025-09-29,453.55,online,True,2025-09-29
PAY_0000831,ACC_000211,2024-02-01,438.62,online,True,2024-02-01
PAY_0000832,ACC_001046,2024-07-28,1175.88,wire,False,2024-07-28
PAY_0000833,ACC_000401,2024-03-27,1733.72,check,False,2024-03-27
PAY_0000834,ACC_001069,2026-02-03,257.93,wire,False,2026-02-03
PAY_0000835,ACC_000987,2024-02-15,1958.59,wire,False,2024-02-15
PAY_0000836,ACC_000209,2025-01-11,435.42,wire,True,2025-01-11
PAY_0000837,ACC_000141,2025-10-24,1868.19,wire,False,2025-10-24
PAY_0000838,ACC_001080,2025-02-09,756.98,check,False,2025-02-09
PAY_0000839,ACC_000291,2024-12-08,653.81,wire,True,2024-12-08
PAY_0000840,ACC_000369,2024-03-25,633.05,wire,False,2024-03-25
PAY_0000841,ACC_000538,2025-03-21,275.92,ach,False,2025-03-21
PAY_0000842,ACC_000062,2024-12-15,1463.17,check,True,2024-12-15
PAY_0000843,ACC_000650,2026-02-04,377.76,online,False,2026-02-04
PAY_0000844,ACC_000446,2025-03-28,1190.89,ach,False,2025-03-28
PAY_0000845,ACC_001043,2025-02-07,737.11,ach,False,2025-02-07
PAY_0000846,ACC_000378,2024-04-11,1239.46,ach,False,2024-04-11
PAY_0000847,ACC_001135,2025-05-17,1447.62,online,False,2025-05-17
PAY_0000848,ACC_000130,2025-09-10,1541.48,wire,False,2025-09-10
PAY_0000849,ACC_001158,2025-08-27,358.79,wire,False,2025-08-27
PAY_0000850,ACC_000024,2025-04-25,1594.69,online,False,2025-04-25
PAY_0000851,ACC_000350,2024-05-12,1747.10,ach,False,2024-05-12
PAY_0000852,ACC_000101,2025-02-25,611.25,wire,True,2025-02-25
PAY_0000853,ACC_000153,2025-05-11,849.51,online,False,2025-05-11
PAY_0000854,ACC_000847,2024-03-29,141.61,wire,True,2024-03-29
PAY_0000855,ACC_000751,2026-01-29,1438.25,online,False,2026-01-29
PAY_0000856,ACC_000389,2024-09-07,1883.60,check,False,2024-09-07
PAY_0000857,ACC_000840,2024-04-12,971.73,online,True,2024-04-12
PAY_0000858,ACC_000483,2025-02-17,1769.50,wire,True,2025-02-17
PAY_0000859,ACC_000718,2024-11-29,1125.33,ach,False,2024-11-29
PAY_0000860,ACC_000756,2025-06-15,105.48,online,True,2025-06-15
PAY_0000861,ACC_000072,2024-03-14,882.33,online,False,2024-03-14
PAY_0000862,ACC_000248,2025-03-11,1237.23,check,False,2025-03-11
PAY_0000863,ACC_000324,2026-01-20,281.82,online,False,2026-01-20
PAY_0000864,ACC_001166,2025-12-28,577.58,ach,False,2025-12-28
PAY_0000865,ACC_000561,2026-02-07,1121.14,online,False,2026-02-07
PAY_0000866,ACC_000978,2024-09-28,1269.54,online,False,2024-09-28
PAY_0000867,ACC_000545,2025-07-08,1564.46,check,False,2025-07-08
PAY_0000868,ACC_000199,2025-01-03,1516.99,check,False,2025-01-03
PAY_0000869,ACC_000542,2024-05-16,434.52,online,False,2024-05-16
PAY_0000870,ACC_001137,2025-12-17,827.74,check,False,2025-12-17
PAY_0000871,ACC_000712,2024-05-12,843.59,online,False,2024-05-12
PAY_0000872,ACC_001047,2025-07-03,827.39,online,False,2025-07-03
PAY_0000873,ACC_000183,2025-03-10,1163.31,check,False,2025-03-10
PAY_0000874,ACC_000662,2024-08-28,719.55,online,False,2024-08-28
PAY_0000875,ACC_001106,2025-02-25,891.11,wire,False,2025-02-25
PAY_0000876,ACC_000072,2025-09-02,119.63,online,False,2025-09-02
PAY_0000877,ACC_000853,2024-11-20,185.17,online,False,2024-11-20
PAY_0000878,ACC_000845,2026-01-15,1576.59,check,True,2026-01-15
PAY_0000879,ACC_000787,2024-08-17,1939.81,online,True,2024-08-17
PAY_0000880,ACC_000451,2025-03-01,1876.10,online,False,2025-03-01
PAY_0000881,ACC_000895,2024-11-26,187.45,online,False,2024-11-26
PAY_0000882,ACC_000044,2024-03-25,1265.59,ach,False,2024-03-25
PAY_0000883,ACC_000162,2024-12-13,112.26,online,True,2024-12-13
PAY_0000884,ACC_000074,2024-05-11,825.97,online,False,2024-05-11
PAY_0000885,ACC_000108,2025-10-28,1468.85,check,True,2025-10-28
PAY_0000886,ACC_000787,2025-09-23,1196.95,wire,True,2025-09-23
PAY_0000887,ACC_000392,2025-10-02,521.33,online,False,2025-10-02
PAY_0000888,ACC_001084,2025-11-07,672.31,check,False,2025-11-07
PAY_0000889,ACC_000593,2024-09-20,658.50,ach,False,2024-09-20
PAY_0000890,ACC_000998,2024-04-30,611.80,wire,False,2024-04-30
PAY_0000891,ACC_000778,2025-05-02,460.52,check,False,2025-05-02
PAY_0000892,ACC_000098,2025-10-26,1554.14,ach,False,2025-10-26
PAY_0000893,ACC_001013,2024-08-12,473.04,online,False,2024-08-12
PAY_0000894,ACC_000410,2024-04-26,1727.97,check,True,2024-04-26
PAY_0000895,ACC_000235,2025-06-08,1171.24,online,False,2025-06-08
PAY_0000896,ACC_001012,2025-09-18,580.82,check,True,2025-09-18
PAY_0000897,ACC_000923,2025-03-12,118.97,check,True,2025-03-12
PAY_0000898,ACC_000677,2025-02-13,1389.59,online,False,2025-02-13
PAY_0000899,ACC_000499,2025-08-11,799.17,wire,False,2025-08-11
PAY_0000900,ACC_000411,2025-02-28,1519.14,online,True,2025-02-28
PAY_0000901,ACC_000284,2026-01-19,746.69,ach,False,2026-01-19
PAY_0000902,ACC_000951,2024-02-20,153.51,check,True,2024-02-20
PAY_0000903,ACC_001152,2025-12-30,1841.56,ach,True,2025-12-30
PAY_0000904,ACC_000666,2024-08-27,765.98,ach,False,2024-08-27
PAY_0000905,ACC_000149,2024-01-06,1524.46,wire,False,2024-01-06
PAY_0000906,ACC_000100,2025-12-29,135.98,wire,False,2025-12-29
PAY_0000907,ACC_000722,2024-11-09,1218.51,online,False,2024-11-09
PAY_0000908,ACC_000081,2024-10-10,780.27,wire,False,2024-10-10
PAY_0000909,ACC_001128,2024-12-04,1671.29,wire,False,2024-12-04
PAY_0000910,ACC_001151,2024-11-20,1170.28,check,True,2024-11-20
PAY_0000911,ACC_000612,2025-06-25,963.01,wire,False,2025-06-25
PAY_0000912,ACC_000223,2024-01-30,703.68,ach,False,2024-01-30
PAY_0000913,ACC_000181,2025-06-25,265.16,wire,False,2025-06-25
PAY_0000914,ACC_000160,2025-10-23,1794.80,ach,False,2025-10-23
PAY_0000915,ACC_000547,2024-05-08,1126.17,check,False,2024-05-08
PAY_0000916,ACC_000894,2025-09-27,1164.08,ach,False,2025-09-27
PAY_0000917,ACC_000034,2024-07-03,626.48,ach,False,2024-07-03
PAY_0000918,ACC_000756,2024-05-08,930.82,ach,True,2024-05-08
PAY_0000919,ACC_000593,2025-05-05,676.34,online,False,2025-05-05
PAY_0000920,ACC_000642,2024-07-12,1736.78,wire,False,2024-07-12
PAY_0000921,ACC_000016,2025-01-19,1972.65,ach,False,2025-01-19
PAY_0000922,ACC_000119,2025-11-15,728.43,online,True,2025-11-15
PAY_0000923,ACC_000096,2025-12-21,1827.76,online,True,2025-12-21
PAY_0000924,ACC_000239,2025-09-15,1784.54,ach,True,2025-09-15
PAY_0000925,ACC_000870,2025-08-09,929.75,check,False,2025-08-09
PAY_0000926,ACC_000519,2024-04-28,1995.71,wire,False,2024-04-28
PAY_0000927,ACC_000982,2024-02-28,251.44,online,True,2024-02-28
PAY_0000928,ACC_001117,2025-06-19,387.92,wire,True,2025-06-19
PAY_0000929,ACC_001003,2024-03-05,825.44,wire,False,2024-03-05
PAY_0000930,ACC_001168,2024-08-21,1390.48,wire,False,2024-08-21
PAY_0000931,ACC_000378,2024-11-10,1390.31,wire,False,2024-11-10
PAY_0000932,ACC_000236,2024-05-11,1189.17,check,False,2024-05-11
PAY_0000933,ACC_001153,2024-11-13,901.01,check,False,2024-11-13
PAY_0000934,ACC_000288,2025-02-10,453.50,wire,True,2025-02-10
PAY_0000935,ACC_000998,2024-04-10,766.55,wire,False,2024-04-10
PAY_0000936,ACC_000360,2024-01-22,1185.21,wire,True,2024-01-22
PAY_0000937,ACC_000981,2025-06-14,1871.78,ach,True,2025-06-14
PAY_0000938,ACC_000539,2025-04-16,1646.02,check,False,2025-04-16
PAY_0000939,ACC_000717,2025-08-21,202.05,online,False,2025-08-21
PAY_0000940,ACC_000991,2025-10-05,494.82,wire,True,2025-10-05
PAY_0000941,ACC_000635,2025-12-17,703.64,check,True,2025-12-17
PAY_0000942,ACC_001144,2024-01-13,1476.41,online,True,2024-01-13
PAY_0000943,ACC_000458,2025-07-24,1370.05,online,False,2025-07-24
PAY_0000944,ACC_000400,2025-04-09,1536.44,online,True,2025-04-09
PAY_0000945,ACC_000027,2025-12-16,1127.25,online,False,2025-12-16
PAY_0000946,ACC_000347,2025-01-28,1398.51,online,False,2025-01-28
PAY_0000947,ACC_000588,2024-12-18,1549.08,wire,False,2024-12-18
PAY_0000948,ACC_001022,2025-01-17,171.19,online,False,2025-01-17
PAY_0000949,ACC_001023,2024-10-13,502.49,wire,True,2024-10-13
PAY_0000950,ACC_000739,2024-01-12,1636.65,ach,False,2024-01-12
PAY_0000951,ACC_000284,2024-11-16,1777.88,online,False,2024-11-16
PAY_0000952,ACC_000660,2024-11-12,1852.13,wire,False,2024-11-12
PAY_0000953,ACC_000114,2024-01-13,1629.80,wire,False,2024-01-13
PAY_0000954,ACC_001127,2024-08-25,1603.37,wire,True,2024-08-25
PAY_0000955,ACC_000908,2025-09-10,588.67,check,False,2025-09-10
PAY_0000956,ACC_000464,2024-01-03,287.82,ach,True,2024-01-03
PAY_0000957,ACC_000108,2025-03-14,980.32,online,True,2025-03-14
PAY_0000958,ACC_000765,2025-11-02,1309.68,online,False,2025-11-02
PAY_0000959,ACC_000743,2025-10-01,121.48,check,False,2025-10-01
PAY_0000960,ACC_000613,2025-06-30,1981.12,online,True,2025-06-30
PAY_0000961,ACC_000964,2026-02-17,283.28,ach,False,2026-02-17
PAY_0000962,ACC_000856,2024-11-05,1224.13,online,False,2024-11-05
PAY_0000963,ACC_000052,2025-12-29,1930.77,check,True,2025-12-29
PAY_0000964,ACC_000097,2024-01-03,580.19,ach,False,2024-01-03
PAY_0000965,ACC_000642,2025-11-06,1758.24,wire,False,2025-11-06
PAY_0000966,ACC_000021,2025-09-05,1023.48,wire,False,2025-09-05
PAY_0000967,ACC_001170,2025-11-03,65.15,online,False,2025-11-03
PAY_0000968,ACC_000719,2024-02-10,84.62,wire,False,2024-02-10
PAY_0000969,ACC_001147,2024-03-05,683.89,wire,True,2024-03-05
PAY_0000970,ACC_000466,2024-04-11,739.16,online,False,2024-04-11
PAY_0000971,ACC_000161,2024-03-08,155.93,ach,False,2024-03-08
PAY_0000972,ACC_000801,2025-12-05,1283.14,wire,True,2025-12-05
PAY_0000973,ACC_000317,2024-03-07,1939.31,check,False,2024-03-07
PAY_0000974,ACC_000641,2024-02-07,286.90,wire,False,2024-02-07
PAY_0000975,ACC_000413,2025-07-29,497.13,ach,False,2025-07-29
PAY_0000976,ACC_001199,2025-03-18,139.21,online,False,2025-03-18
PAY_0000977,ACC_000900,2024-08-13,1926.41,wire,True,2024-08-13
PAY_0000978,ACC_000760,2025-12-30,1860.36,online,False,2025-12-30
PAY_0000979,ACC_000346,2024-08-05,1214.36,wire,False,2024-08-05
PAY_0000980,ACC_001106,2025-10-15,689.17,ach,False,2025-10-15
PAY_0000981,ACC_000945,2024-04-09,344.04,ach,False,2024-04-09
PAY_0000982,ACC_000912,2024-04-13,1411.00,ach,True,2024-04-13
PAY_0000983,ACC_000629,2025-06-19,962.26,check,False,2025-06-19
PAY_0000984,ACC_000205,2024-05-26,1280.41,wire,False,2024-05-26
PAY_0000985,ACC_000088,2024-04-05,245.75,ach,False,2024-04-05
PAY_0000986,ACC_000044,2025-06-19,868.22,wire,False,2025-06-19
PAY_0000987,ACC_001054,2025-01-15,892.28,wire,False,2025-01-15
PAY_0000988,ACC_000299,2025-10-04,1925.70,online,True,2025-10-04
PAY_0000989,ACC_001126,2024-05-31,184.35,online,False,2024-05-31
PAY_0000990,ACC_000753,2024-12-13,1647.52,online,False,2024-12-13
PAY_0000991,ACC_000196,2025-11-21,186.18,wire,True,2025-11-21
PAY_0000992,ACC_001169,2025-01-24,891.01,check,True,2025-01-24
PAY_0000993,ACC_000826,2024-11-25,1989.69,online,False,2024-11-25
PAY_0000994,ACC_001153,2025-01-12,1462.48,online,False,2025-01-12
PAY_0000995,ACC_000053,2025-12-15,1632.18,check,True,2025-12-15
PAY_0000996,ACC_001187,2025-07-09,1610.70,wire,False,2025-07-09
PAY_0000997,ACC_001036,2024-11-15,131.54,wire,True,2024-11-15
PAY_0000998,ACC_000327,2025-10-19,324.57,ach,False,2025-10-19
PAY_0000999,ACC_001005,2025-06-23,1169.69,ach,True,2025-06-23
